owner,0
4Y1kLABkXqkUEhS5XYbEirbzn5JSTGSxVNhh4H1XmhjG,0.000006
71NzULc7Z9MAhU7Upa2Zv8Qqxezmf6L43YTBsPrJRx4d,0.000006
84auH4bWGCoTb33nNLcS188BbWHMB13nKwzozUzcGH5Z,0.000007
Ff9gHkJDwP6yfujzLtyZkJjWEUSh2cpziHygsviBncvp,0.000013
6x38C3XdLA44QNtWY9U8bewLsQJ3D1oJU5n1wLV9evxg,0.000014
98pR8mPy2AVSGmMNbkQbkuLNbyHFwo1FtWCzmeypLcJF,0.000015
ETpjuZxUMfittLmRT9SkM6u2RJaQgzP7ZYFe69iS1Lyw,0.000018
3YhKtvxJvfztxLtRZrobWyuMTgAV5ye9i3gmBdLzThUo,0.000022
6dHNvVMSS1jvEeptPxXZamGjdSuRVJrMe8s8MippJSiH,0.000023
6jGz5gHLj4zHL2AoPLMtQzCRUzKVtiiKdTjCCFNBHxeA,0.000023
E2zWZv4eze41PMQgMZ4Ndunny2FpzRC7ZTWiNHbyrAQm,0.000027
AXmmXbACBvSqJNQMCUCdwTtikftvKbqLgZyhBhmzvkWy,0.000031
3FjvMUhAWAEgR1XDnWA7s6ENcuyTzadThsCXes4KKzwg,0.000032
CfKbH9iW1CVinwvyb2a6wWFuaki7xQd5yWyoJR4uWn1K,0.000033
3M5NxdVQ6ZrC7QiDzrkEzeyTjp7aqxLgq38uUb7ih6fn,0.000038
7qTfR4TSHY1vwnSh7FRZqJSN341GfDkPGsaptDgnU4pL,0.000039
42v1pCEQ45WESBNLoDD457mYtpLYR6HG478ifvtNknpF,0.000045
AA7sRegd8c4BxBk7NnsvYzBiFqgYHmwbYygEouU7XN8N,0.000048
H8Pn8minEzy99QCXo35nKZH7FSbXE2EJo2rjo518pXjL,0.000050
Q31mjAS22fZgR71A2hRzA9B67EfoEKVWt9vW8oevPVH,0.000065
41GSCgb1bTwcaeLqHGuxsLpAT14eS5jLvNm7CY5s7U6C,0.000068
Ecw9dtMhNc9EDPTJjbr2d5KoABs7GEoS7Gt1xxDHSyuR,0.000074
6Cg3UrYb2PAvduo3Cf4i1tBT9zMCbLrZdgs71f1kgLNF,0.000088
7YZ8z6CJV8XJbWkQSsra5C5LqoqfRnFG3fBxnTzM6fq1,0.000096
AZKkiF1XGK2T1b6PtverQeoo3cFAQ4paMxHKK1QeSvko,0.000098
BMqCPj8hhGfjRAcc6cyhZhfeiSih6c6sL95oTmgvzPRd,0.000100
6pgK8gtvRXFfRBovrTDNTRBuiA4g7xJZ89gUwSMetaxo,0.000106
8gpJoXXcYHKKe7ZVihEmP99SRAkqEmbsEb4Qr5fqFQga,0.000109
4aS7dTtj7tssRCynJbYZSCQDvuSD5zG9hfo2QwbczrW4,0.000116
22L4LRqahGzZsS2mXjkuPmedKdP35rr31j3L1jpEDVmY,0.000120
BdWgwYAor3MreZzqcBWbFQS76awQEGMsWzCudmSQKaeT,0.000122
DyqNB7F4QxHngiYisRspsbiNtJakEAM4g1EbWeqDH32m,0.000160
7ArAmnx8qvfyd3KNJuTonaw8acQfVz3TCLt3tzosT4aX,0.000164
FSBJLgFBpgiqZUnqwMQKDDu1ov2ETkrepCEAbkm95CQV,0.000170
ATNKDcNJTCEKucHKqxutUAvVQ9nMN84s9Y6eNxZWtMtq,0.000171
DZ516gVGf6EGbQSnm459Jsx98uY5EfQ5AjRhAdVq1tHD,0.000195
4mB2DVbQVqVk535v98Cj8SPNg1tTc3DFyY2Q7VBbY645,0.000199
CQdM1TdFfwT61h3d3egShmR9qYGzAQVoCT7ZYe8ufJNA,0.000204
Asx3HmPBUiCEfaRXGpkQ16mf7rvTFCBibBKsRyazCnU9,0.000280
4AB6iMAC1Un3azYSR5SYnaWGisGDVHmL1ts2Xh9HTB66,0.000289
E3jK5UXnPX59Nebx6wzopLSBuA71vCj1SeuV3Uzut1pD,0.000293
EuQHwanmx8R5TP3SXc3iqsnkbQQxAhGVFM7xjDNqYHJQ,0.000314
GS2WHo8Ye4pDa1npucpKsdP4Nj1e45pUZLXoRyTzXGsw,0.000324
3pwfeTftvcfP6wu3e39YxHbHzY2csqYSoTLNu9p4dgxz,0.000329
37f6wy38zr8wuBWudtcjnZ5tuc7dAuVDAnddDLNjWYYE,0.000337
9HvUqN9sw3nk2F73v9gDbh8iUkcBEpgoNknCHV1jj1A7,0.000377
B4waD7WeVbhmwMFK652wNNpQ3LWutJpxi6GwAKFVXSES,0.000402
85Y5U6mn8PuKUes57Vnmvmwv1AKj8qNQcXC3RwEbUx7a,0.000411
2h5KohCANv8H5S4eactGGLgwxgjXsxugubsuHYxd2WgQ,0.000433
84MZfKNZ82PMLtudSec9q8BDS1ofSUbTdQeKCvcgW2i,0.000460
2ZNnK53cJZF8qFuQs6bLcBGciJ6kTD5ppjr33VqvDGDC,0.000461
Guxp8xQPLhGiJAUhyr1Y4AUcq53FyYmQUuDEHHhgHdod,0.000641
cT4HD5W2d86y5d5yWkp5EVwXDhQqgV1mosgFWbNaoEM,0.000700
BxcFn6EhSHaUPTHkAnhHzMLMmKoDK8PjR7BbRUaqBzzG,0.000717
CRGaR1zCdPUvuwxBoYM7UwpEGSbnV9cej3wMhEmCLVdS,0.000777
HvqqgK9g9GLRJp9EneignZQGyftr3fXC4df7eWMDT1hs,0.000842
FAJqr31LaCgw6PCDRVA7cmxa2162cyCiJc7fx6Vw4rUA,0.000861
4v84x88nTEiNXikpyiRdmtaJ9yiB3fUrEC9HyLz5TTVs,0.000865
BTJVnXRuULfizBrrdLBYN7PpM5e51JzuSbadQcLu2f97,0.000956
8y3GQ6uvkhkg6bEHQzyYibc45yNQ7VXcbegzjNYCp16V,0.000962
5WiRucXoeHVRSqGhBZVmdrA4J4SER2t2JAEY5Qa6RjDi,0.000967
BeTs1yXy4JzLSmg674qkBzxoCNhp2KZFTn8qqDgi5mVJ,0.000989
ABXFHfWffT7pHqrj7bPPtsZyXxwuSVf8zJkS4tEZg9He,0.000991
55f8you8AbtaDnEzPYYM3bUwgp61KZvz6Nr1bbzvn9cY,0.001019
DWB9VFQUfd2H2LXgToCw7hGQidm7vLGiCDpGoJ2LkdJf,0.001041
F66h5aDcC59XF92JqA6qSgqU5BoCbtjAWq8Y25n7PnF,0.001047
HsXWGnxmt6RL393tVn1L2FGP4w8QTpA3B3A8oMZFJMRy,0.001091
HuZ22mVERj3K8NBW7FCe6WPQCycAEs5QjGLvE7BGBTgp,0.001116
Gf13hfbzGSmWhxvmaQex36JxPXWhsPFcaorTSUjvcV6N,0.001163
C6knMDMrakm7KnjdXoqeHgonUfhdmwkVYy9t6QHF9Vac,0.001217
D5HxGwy7Vuq5k1kiD7uxXJK5zxKETeqwFgGhE8eqgZCT,0.001227
36R5FQTmX2zCFoWd2YJMFGctoqfSXQdsH5K5Q67zQkbt,0.001236
8n7rQkok1mEuMgCPn2PM7iNPJoU9dCVb7cFPqUJhsafr,0.001260
HkcE9sqQAnjJtECiFsqGMNmUho3ptXkapUPAqgZQbBSY,0.001344
EyKZJ3pjmRLoFBzGLnP8XEgNWbtTigJSSmppjzpCXys9,0.001347
AK7zZjymK7L3qyFbDRCF1JYuHSXf8s5Yi5GimBAUWbmF,0.001348
3r8GKi38h6HU1UyMRCimKr4evgUAfEmQCaQ61xEfFqdC,0.001384
FbtVeY42qD1tUAtxSHLDHcQ6NNMdfA2xSsrzRWniU58J,0.001393
A251x2g4G1NnSDfnRrsY1yRn4kzybrHxUw6GdHvCPX6T,0.001630
8wQ6QaqjdoXzz2U2EZ598v43pVJrbiBxc781ojMSid1r,0.001802
YRuZ8Pm3C1RMsCayaLUqzMrjNxwfv7fG9tVYSVVmP8x,0.001840
3RURHN6fLUGZ6XVYMwnhrTYDRPPBc3hcMGnASiFoN3tr,0.001871
3V1HmecLr55cdDLEXzhN8tfz7qCq7UdD2KwjB4VT4duQ,0.002068
BjQLHqhreot5BmYt6cvbvy1tCUktHrCrEbZJ1kaKdMpQ,0.002131
iCgou6oLoB55WrSXnDD54iExmhs73fyhfcYp6QbSqz4,0.002202
Ddbwvcra9rstt4asTEDcDF48V3dUpnR7jq7RrSnF4xrh,0.002263
G8ar9ThKYFEByPuvwXKaADS75QQcJWfEUnVmpK1HMiSg,0.002279
6jM9tRsAu31itf6po9Qm6xx6vxEuscsLo8MLA7ywGL8F,0.002283
3cMLk8EMdpAiQEqzNAeA1b7hec5RofZygzVyUdVrqfQu,0.002365
EiNtkuXWafcSBkB4G4okLUUU5CZSLjxF197apLJbsoui,0.002475
3yTHkVVb1r5Nfq9vFQvsopyKw2y3nmhBbwhNHmzC8qpi,0.002666
FkzEtoziZVUDBtS6jciKTqR6dbi4UhazzJPJjaPf7mfN,0.002744
6ZkGEWBZyAWsNyhkpYu36Ye6RxYJiGguCKbtrRDWTpno,0.002781
39rPDuzMwDtYWAbQj8DpL9jTH9p2ygjMRoxgKRJbZoW6,0.002894
6wTJ93sX2RYCpwTfpeiXDV6JpmxaPSaRikAgrrXmLkEB,0.003130
2xKqSB5fG8symCwMbKq7ibPr8Keh96uLV1ScJwR61Dm7,0.003248
3UHn1gKSZFcYtNB7cDHzxwCPksodLT1RTqsFsGWFFy9W,0.003481
J1peVbdhTtsg4StLzNmZFzpaaM8BYdGBgPpbPDvzTQNE,0.003612
ECFeJGJcyNfjn49Xxf8TjKzYzbsWag7mCnnQUA7MjSad,0.003629
5cpg72CPjpLWy5rwEhhr8KgyPHLUts82WZ1iLoCd4xBg,0.003823
8iLhrNz7jcrmYAnzbKrgcBc78eQ5jyV1NtKBt2PEvbs9,0.004044
HnhTXh4oNaMQ1sRFJhgARmUnk1ikNzEerJWxocEqzpoB,0.004076
CrvHwYYiooajzASXf7nBp1z4UfH4bE4UQFTzSRELWGk9,0.004076
6drT6FSk67bJfp2E8KQJJmXf6nZBqVSmaL6Fd7ruGfo2,0.004085
6HH81WYQhQAjUqEAo5oQHYFiwy5Biq1vG17Fog6gwUw9,0.004451
363uS4jpzrCjmRjdyQQY6o4vXhc6r6283wHFDAGJfifK,0.004578
3tgDTFs8bXN9nTeQ7FguXaztMSRNu6P8LrNJSas6yZgw,0.004629
9agCVXM7WUpc9yxvRzhrdJfpXi6F2ZW8eXaZUYwu7jqQ,0.004634
5tAcX5JeGxipYyBbAPWo6pMAEuUMciUVRwuVcPby4ugh,0.004701
Q18VjQcE4tPTPm4FNfaYhMPGtvy7qh7BnCKFbAFJDrh,0.004846
F4ZwZFZKQ8mqn63yh8SNVu3CQxHH6pbwjjxNMvBX1qX2,0.004895
39ocL5p7Z98ejEDhKpVZH3sP96aQahwy2j4Pu9QG3udb,0.004895
6TstLouGMiTkFeyMJok7ET5CCU5tYdiKRWxCYWEvv5wv,0.005005
7qEqpDtonfwKB4AaziV6JWNN1apHyDkknrUWJt3EXVPt,0.005009
BStPX8uGiCW5WT4ChxriP4ZoWse4hf6GQ51ofBGb2AWL,0.005164
3jA3VVPQchfJ2E6Zw9SMjKntzm2LVFKwGeYUxk6SaDJM,0.005176
8zkrJyApR7Dc7bK2zmU7dgmjQrQTG4BuYuaHBtu2YVWh,0.005677
52c4jH9kS7jYiN53kRDRpsiDT4tYw67eDYC3kLCFeRT5,0.005697
6GGcbWQmkMoCWhDYKnSTR9ZgeDBgiUFyCvYsMkAeRnDz,0.005738
CRqJRJXNMSr4rkDbuWkzcgANL7W9abMLi77hyFmV8CQ6,0.005890
DUxELU4GTcfwQZ3wwqLAyaY6adeUPJXxBUXodEb2nohB,0.006013
8YVAdhs97WixFrh6YJrL5Qf5oNLfKGMi7gwGN5XFxHGr,0.006083
CyGnsV1zN9dYWguQ71DTUYvRNdAQd8smvfxEigsBSamm,0.006263
5hsgbrKSxJp8Wn5D71FpyrLBsztCENdSNiRh9QgYZkXj,0.006296
B39jMjmi35z5N5CbUPzVqqDpbbCj9DKpkLHxJmLMj42X,0.006317
Gq7fPzML38eX6tSedGqCMhmbw7WsaSEYoEZM3BucjZh8,0.006444
3NkvmwURDQGWh2T9Q17PgehZ2LXVbU5VwhmCgXcfcERQ,0.006475
6XLGcpvrPYxbQTmxMUHvpWCVmirHjir2jVz6G5SQAnLi,0.006518
8fcpEFD4Kqh75ZiVCxrcyF2bTN3jtu9ScvrgmQMEJhoU,0.006953
2AsGgfUKD2b5iByMnzE6ZBT4kCFf5NaeSMtFA5L919nE,0.007482
Gxi4TMXGiDQCd3e5F5yj1fmunbDJtAtEvQHWSLfSEFbk,0.007509
5TNWRHbMD65G4HZRKya5wczzgSC7SPTLnsMGuKN8m1CH,0.007701
FX7DL4WUQATRtU5oEjxX5hsrqrnteeXXySqo9JZaTzN9,0.007916
7qwidiW6QMtMkXHQ3kifK8LYe72gkxb6xkbBEZRu6DvP,0.007926
G6gNy6ZebHREYNkimkkq4amSJopfTcDNMtExcnwSDBdo,0.008040
GkkkcrBLR4GvwocsBLnoFJKstaGzeMQ4zAq4vSV4Roni,0.008041
CYFGz78T33bUK4whaidRNB71hVToGArNMWCx7uC9x1Zv,0.008067
9XsFXPacf8HSLxH2BexHsVsoqn5pmtakJtAx4arSnQmq,0.008106
2Eq19HXZw41TxgEp8JuCvV9uZsQEpntNGr5eDGcgdPyS,0.008157
2NCGFbzEoBxEfVaS1aJWXtpzeWtTv2pDanBjsifWwA8c,0.008242
Hr6ytuPTGuRJRN2e5bvdE8yZv4X94ei8Ryo7irP2Kyy9,0.008242
GWnDKNpxCnwbAHZCyKhxzwJFyMBqQ83ioVHUurMtSqCG,0.008242
6phqQThMCMesZLmeQzhZZwSBgtdGmMH1a9hXMVB8VFxC,0.008242
A3BLCvZYTuC2pXBgFTdPLKkG9ChViJevPdRPqJwJM9sR,0.008242
Ft3XRNzeXSU19UgwkhhBxEKhX2315D4ViDssrjwwKDJx,0.008242
AYrSsEHJHR5QzxPfjZmpPAvHpzAL8DHRYiaCGceXG8L9,0.008242
GJZueoaanG8qV9KH82tNJcCW92fPEitfztVkDnR528KA,0.008242
E35g1HaLurUCXMmwZzThu28qHvG4p1FVaePUMM1u2fBa,0.008315
EF15ESdVqgGcxhPzV254pAnfc7vJBkE1GEAfSum9V1gi,0.008324
EgQ8NHXB21fYmPntfxPudPZAR2ubg9Hhd1jMbcnnE5Fn,0.008419
4DS5QkBvHHnnuoRYop7jaHbnrpvg75w83Jhg3PMvK9KV,0.008425
7V4EhzR1muZGkBoq8jLBw4b6NC7V9CW77NEaHiTf3Eqw,0.008484
ASHTnVv7wg81wdZZJnBjckgih2ceNjphS7Hb23HRoVYd,0.008567
29pbmwB1cDJipe5ZUunCaS1mptnie4VaxzzkVgepzH4c,0.008583
3uyHhuKzSa2BDxbhLPv9mgRVbWj6kR4LF69YagdAJ5um,0.008902
GmzX8GDHDjUrt6rEFTEooD1UZ7wTsmcCkn2SW2JBH1Kd,0.009064
8ZBwzjNg7WhKegu9yQfY1xN1RafVmbjyurEMhQHmGnJi,0.009066
2R2ZctqBznRjKoAcF7Rem2UR7oyVNbH7NyAw1yKLP3yZ,0.009392
J5WcVsKNHbfioai1LRowvjvtEmUJBEkeoBim1ThshpoP,0.009481
BZTx18qmTDC4ivNaKwy3giSdqHUtDqsCAwSBtf1Gffym,0.009705
2Lhxzn4PrWT3joqNojKr5uh5unpraDSpppf989Ejgbz3,0.009742
EJwLfoj5PBZr71nPyCUvtrodT9w8TdwnpVSgMPhFN7DA,0.009891
Dk25Ps84gNTNFXM7KcnTvPBrHvroLbqYNZnGtenEReUZ,0.009922
7QUJPrr3m48kqM8h4cArhutUesTJzDAX9B2UD4QeiN6m,0.010022
B3rDpBcFV4QjZ7UJvdkDJRYX3PasD18PQcBupsaNS7wi,0.010689
4RZt98XfaEJ2ropRonq6e7tTPAUenVkyVEBf5FPca93D,0.010689
LHTV1xMmcyu2RvyWqtRi62sopumGqhst1VYGPEEPphj,0.010819
6Qxmrr4RyjPP9kUtVQb3YQQcE9mRBYsZiuZwLeq7G7P2,0.010873
QQiij6UgeNxPWVbMdp8pSm8v3wGX9JtJr5PdfBGi8CY,0.010913
65RkAWzTKep7xSZMcQe5f3rnBUcHK5BWKuzxB3UGarJd,0.011034
69jfDL3GNCk2wmiWx6wntGzUeCLB1eJDoSaEZvwddHSL,0.011078
58BHgpsb418ur9LQPcWkENTLqdVrWYujfgNvbbZgFMjU,0.011267
A9dABLGSLwMmSywaLMTYAhjF3hRmnQGWKP4zBJt185ik,0.011351
HxL21eW2uNvAHSMM3LKBAuivvBnwFvJ5nACYYkqMSHfW,0.011580
7ZSEKTqJA6EExFxJ9iSnqZJ5YzsFqaMdFGyrd2VPX2m,0.011889
EwaNvV67XuuAUj3Js663pocL2wCxCrTrLrrzF24hMTTg,0.012143
HLJ4MhT3A2Yaj3Cn23u9ReCRk4ECpPpJzHfNm6gtDN8k,0.012658
6DMqhovtJzz96fLYV8wc3ci8wpxX9uJbJ5GizSsbqZkp,0.012783
CYz4RExHFfpbGtyxJkT7JJMbNZeETV2kmkq4hzw6ChW4,0.012916
9TeZ2ToXbX8k3DAn4VrMXLhGnqwMg4QRoCj8yNMx87qp,0.013096
5LcELo2TaPeikj9tRyPigSV9nBUmPW9kGgxJiLEmejjF,0.013363
Dy13sTskKgFFT3nuNAA5LYq4WChwthc6PBvNSQgZ8sjh,0.013934
92Cy5iwKaUtBFz9iRe1fduu7TqzFZzi3NfHPJPpbWfGS,0.013952
4sgPddDZ1o8KTrWW85J4qKZiPEoFbPTjfbM3HASeq7Tt,0.014070
3v9Fn8R4ERxpN59trLdGNqJfYHgkWDxvRdyt8tPWtBgt,0.014107
4NytUemHh96q9GRz3x79AbH8wubim2AnXkdAS9ubcPyf,0.014309
3XY32wQhYTiTn7NJ3qHxFrzfBLC73ed4tX7hwQgxPQQe,0.014511
8Dcvfaf3Kjv6LwvxnSxwrRQn9xPsLrpbZAuGjXn4Ndxt,0.014717
6bYCKxXrYeUgCx4RCQutZ9SwcdcA933hAugExpJgrWob,0.014866
6R8hyR418crt427xsA5cGA5RfmGJb8HNAHnWnWhdKBh3,0.015229
2VsMEh9n1dEXBwDJecJ3hYSB9HGirrfY7mMWrETeWdEA,0.015293
BYpc1b6JZffQpHSYCAWBUyuDYjS4QqfQy5czdtfRWRPr,0.015487
GsmcQXp2BaiuXKiNBA64kV8UCuNwFkAKatZdvNEFgtfe,0.015747
4txYx44x3BsQryy22ELLSgqnCkuXNefHob9n1xUWgSLR,0.015981
9VRzJuyxMdQiFFrDPEwHwdFjyssvmmmdkxedbfrHs7xJ,0.016033
DFvgi58yX5sov4ba22v9XrTMovEgiRUoRtFXdfJ1K1TR,0.016154
3HiDtmmGTqCC3YpQGR7LkDRFvBZ8PWfYQTSdKanptFZf,0.016402
ABbVp7NFR7mwtJ9z3uteJi15gxKePjFtSFsQXA6j2ixP,0.016556
6KGrS7tdYJ2BYeEF2iiukWExDVMf9cevZjvLDC2CY3Bt,0.016638
7kWyrfBtEAFneBSSstDn8g9seYmGvziAE5UUABnK1Ag2,0.016673
6VGcEyf7x5PFBpUMKTH8cEnCmQ97FBuxjAh37GjXefPN,0.016769
7MSvdsRadkxD8s2JhoA1CnYXUdHLregQXJiL7mqaKmzM,0.017201
7UY77WAQiuvYCsUUY13oceXXaSR9bXydNeLR3bXSuuTZ,0.017641
8rxGE8pNYWCv2iUpFRMYgj2qK523EgTRQDMKLFhKSo9V,0.017669
3XTREDJegjM9cqvD6ux15M8neZEFu4sJGMhABuPxvteJ,0.018063
AmPwxVR6KUjuJ5p5CkCgcYXoSmmGMg8kKzHpwW2oGabw,0.018089
9RkwaUofhyB6DMA6KJpGRDL6baHAH4jJYAzmGYnmoqKv,0.018102
HT2Z2nEhy3kcPoudpBGYjuQ9PRitcmkqRoFynu749gC1,0.018972
3W6Ruj2bWzw4pN9LZr6YfEe1NTLhVeG9aFvJFeundNpL,0.019248
D7YozT8RjcAUWZ7RUavFSnRCCxcqW3pYxj27h7XA1eBU,0.019750
9t4BXJ6pxDiRnvFcgkygUpTuFohZ7hhURtjU3mCTrTGJ,0.020117
HyRwCvcsF2ntGiPAWmtvokoaxkFdetDzfNER4c8qgkiz,0.020336
5EiH8hMjiiGHd1Sav1rWKipEPsk6ZVK3kENL8BH9Yo8S,0.020394
9fqEcNUbNeM2AgR2FH2Mpv4UwKt2MtrD5rPdLgoyXZp2,0.020570
CchZUH1FXixuiURA3QWDnkAdqxacDbNCjMgN88P4XJtd,0.020954
G34dvoDBNygFEXRo65FFTdVHhYF9X3XD6QqiF1c6cDzE,0.021158
3mHmMt3u68d9oNXvqsNf72sFCZeqrWDXGHjaFKnQ6Dbc,0.021183
C9wBQEx29v9Jxg7cBXE9QZmU6hW8B5TXtMvh5MasRPMq,0.021248
EnmhHoDS5fyKAL6whnj8YzH9MLfQPwY7CuPmSTbL9kbw,0.021377
89DR5uRKbgHEfXRMyBE73KKdWMU5rRW88mmsbv4tbiSG,0.021867
7vskkVjL9kd6JfayDwvnsGEhxQKNYtmdmEnuPqDrbsXf,0.022172
CtwFk4MQoxXf9hi63naZNJQ6gugCAQCP7z4y5LFDieEb,0.022198
JBqkarK4Vu81AopWGhXF8QP8PeLiENkSShbFunRbD5Er,0.022465
2Y57cL6t7w7V2jzqQYTKYrwrT66tYHTKXDJyVyAFMtMe,0.022528
Cj1utCvg4nBBhCBJSTjdZfvKh145VUXqX65FQJw6Rk52,0.022604
GYMMJYuT8ukWtN7quXXiZQy9gDtPPGPzBv1cz7Ngr1bn,0.022778
G4im1ri3wcVmchM8hYThfVxPtDXqmyv2JNnn8C4Uu2EJ,0.022817
6t8uCBnf4D8p4hEdJASWUMG8JuC1RmV3fwfvoPXgyfoh,0.022984
74zF7HjPEoG5K5YQSmBToDzQ9vZrbp3orSRoi92UiH9w,0.023104
Ez5AsbTgUage7FiE3MKZoZV5GwMsYgHXu4h3EiuwaWw7,0.023231
8jGzSxCBjTuzj52JCJfBGjtgA2sAG5LFjuy4EzgteMQs,0.023283
9pSEeP3mj4YSP6aDyjfsmb7wmZ6qKrFWQNCiaLd4fxjq,0.023800
8gLKiGgCA5UuqgFqMBjTYignJVetAcjGFASLLwnXxcU4,0.024168
D7o5YEE6ZTnQPRd2nbdoK1rRP83mLLoapoBWgkSJFUHL,0.024203
8A5GB1e2iSdfpypjtvAyL19jGTYquVWXwMBBV6VDK7Zw,0.024311
DuPN8CZAbJPpmQB6LuzgCjmMWhaRqLjob7c1Q62sJqZt,0.024470
CrCAbxWzreCyoRonJwcEYt4iy8WVEs6CX2aj1q4VBpff,0.024649
EvakY2icfKYAFCsXHTGTgG2zZ2oUedxtJFdFhrdGsQz,0.025336
5x1Mp7LLLEfBXoaSSGWh4ob2opmMnjhsggWmwZALTU7V,0.025471
9oRDnsxCywZMKGB8K52QpUQ7KVhSRGx42AonRoXsK4Ve,0.025633
FwvLuCrxmYQk4tKhtUWR4QvVDwZqKWqwQcp5oV4YfKm9,0.025669
BZ3ZC1BqP3v4eUrBZJ8mEGRHiKWhV6VSKX1RMjNnCDw3,0.025866
Gv6jRdGuo4LDj1umxVGiTBeRcjdFnccnqgvAHqcDVwt,0.026919
5zSCBh3w4ZRcp3Z8WxLGqmWz9nqpq77gwvFX2mia1y6d,0.027480
A7HRTR4NDWXzHjthG3H8qaMxKsxCVviwDhh3QQzGsniY,0.028484
2eJn3SKg4Jo8HBUEimVkuuUNSvyMaWEgrAfAN1Fs8mYx,0.028484
7Db14suPDcUdAaU6Dk9ju4BJYtn2amT37k73SUUgqoUr,0.028484
5xus6rmuq9Cu59anLL7akPCXZVUrLh6zz2dWqa72e4JK,0.028514
EUsXyAe1SX41Xy3mod4Ax3XtQCjTvvYZfJ8iFxgMv587,0.028538
FhqnccYp6TqnH6UX6E9kMHNDXRDomykdnoFbVhQYu4RT,0.028553
FYkTqqH5sTsBy1iK6bVmQ1Zky1wsbSwpxgUw2qd6J1cw,0.028612
Bf9Udmfm9fdcz6SPdQwStQHo8i15cVmTAEK2DT3gopzD,0.028756
CfhkyqfeM8uWzrQkfzqkBWF6MErMhdnvxFHxTky68njM,0.028863
HUBRi4wzrGhYd51vx5jqocWvvmyzt7bSHxh2EA8afhEu,0.029084
ABNvYQvN8rkLh4F8bcFFQTn1s8jQtDPq8Vr3hyYutG7Q,0.029773
7Z7rBwbiqb1hUevB853nTbr4yzZmDad7MXP5Zww2JCdV,0.029918
297iLnMaHVrJijbamam7xTCMwb5aqzVxT32tjGDWJ8q1,0.030802
AZtJUrCmAT3QHrwcWGAnvxfenf5UZR5aKVrg77Gomu8M,0.031507
E9B9VKPjec5BA4QQvKdpq9AamAG46cbUhsBNTFNR9d17,0.031697
Aj9UmQFLY1cm1xLT9yXcQK4VcqeMNWL8DxZRYsV6LPgP,0.031753
DS7MauEFGmTv7ZGLHw1NV8Sztt6znWRGYFbG1c8bEcmT,0.031889
5rakLb1oUAMCwGg32yQH97H8YnrS4gKQ2G65NN7XBqGP,0.031960
E1HVv2gL7jqPehXC6T28znpzEVBEJNpeD4KxUQVZfUuE,0.032198
7XwCnMLXdxWzSxSEsLuMXyCBbfn3RuV47BLk6ceFnSuH,0.032414
B6vGmEe4LkCuGn15knkn4s3xfM6crFAo9bSUGNmPUH83,0.032658
BZMTFkEy3rGKgHHqQsDjza6xd1PoNsRd4LKYDGMMDQdG,0.032966
BFxZ2YfTfCZvSsYogqVYQPHLT34xk3UGTjhvQRA3KtMh,0.033125
CEAZp1TT9wTFjTBWFssrJ1QKQ7XF4GA9fyo1oQgMZWKz,0.033267
6kzwuFA5QseRcuvwxNk9hygiqdg4x3xwbXaKbY8WZpPq,0.033794
AZpT9zN7HBXK58mabYYXMtRd7xtjRGFtvDeTeiBxJdCf,0.034131
eiLMepBYM3VcWarQJC9fTnxotyMuUTbyMGJECedPEfu,0.034851
6zbSHAURH1T9rwyd9UnPZ1xVFsy3R3T3VkWAMtS1UJtX,0.034852
FJgx7Rf6tbJFLNLKEz1zW4tURWwXZRHamSzh9XVJoghd,0.036198
GZxyaoAU4hrhuSjVPvNgeUs3b5YrcM1nX7vgb6A9T3BF,0.036373
41jM7oV8kTdpEZeXQed8NomHYfZ2gbt4QUwpYcFwDeTz,0.036895
D4k8avYVBCRswaGZXAa63yxrpqmCn9N7DQ4VNLAVaHq8,0.038362
DqRBNys5sNnKsL4owgpxanj6rzG9K8Bga8Bnf1DaeAmq,0.038472
EPCxtM4Ukd7QbpM1qYCXKFC97qtP4sQjetUZBVrxsQs7,0.039347
DQGEDQGNjELuwSaPiHEWHWG9eyDxFsVxfCxKNk1sE9Nx,0.039704
9sXUNukXg9TK4uc5j3mswjHitMoXVFg5kEpZ9o9zaa3c,0.039862
JCtNG9hLJCZFC1nNLoScopryXYrAYW62zfy4Gr73wQLt,0.040750
9YqjZSuGHeKatTBuZ8n6ZVHCKtxPWsZb65MMizHzEchg,0.040759
DGYiuD4ENXYAERGQqivXUaeq8GEaqfGun69Lcy3eJbQb,0.040766
7JAwD2v9jA4pJYQrxEHSAhYmpSNnE2XcEibAABRDwfMd,0.040786
HqReDyM6DcL6hRhFuVCi1poKzZXnsN7yiwL828EUJPpM,0.040813
HtLyarqBzVoMAmmgwwR6UJsJAXc4Zwu2aQYtDCVzph8C,0.041202
FHCnvoLZAChYw8SyvH3vWQiVcSqy79LZzrpnVT7TmaZS,0.041262
FaFFZd9kNZXZ9PC6Zy8W3j3ptdTVqn13jJCq5BHFc3vL,0.041840
Fye6jFuFakBwd9XpnGfSf85VfdqFWAVCH9jW3aHZBo5h,0.043158
CbJLZPNmDSdVbPBpDb6nAfNQdNZKm1dxPAeH3ERadNmm,0.043179
9CDjbLwdPrZgS1rsBZS5bQkqonv1szaQ417WkBb38hXu,0.043705
Cw3KjJF92WdvnsP2KsbzD6SQCZd23vfiaEsPMBQfYYo8,0.043867
24XUMv8zeoUVLGKB5ZCP7zyNq7fNzsGGjUUsvyATb34f,0.043911
5vCExLXUFnAYQAnmsSmuYcHwHxcZys1cFSmCmMYb6aqU,0.043947
3mMQjhqgA8h24E9FX9MTUSfu1siTeV7nFiimxqduLjBp,0.044245
GpZ5TX4aPZ5yUVbWUYFeL5AdyySx8bCvGCa2RF5Cmhqq,0.044553
ASW3Z9SxFChHu76V9iJEpcWmFY2CrfuQWeqiSPm3Gs7L,0.044867
GdmVqYwnRuW3mA6UaSVFZ1HYBtXxvH8ckh1ceKkvcsSu,0.045389
8wP4DVN5uLUn7FmHhVdpx5BzwwVReKgVmtdVzRWGUKe2,0.045611
6a3HzqTWYGmVHBFaXGeEZptLPVq2jvnn86aGKobGFbka,0.045937
2m97ZMH98TzeV2fWtoBnQZRUY4NhpfdUn8S63kFBknLi,0.046263
4YhXpCEmPz5ij9YfJweq14qMsdSbYjS1z6nkxWGbkaKb,0.046882
DEGbJ9JBuSc63UCp9cR5s6Ydf7XX4sShNfiQ6TWXjTBS,0.046903
ESZb6BDNqftFddcUAdWb9R1LN3B42d763MEd9KdCnsvf,0.046919
HtvFp8fobxNQJyK4J75k3qUK6Jh36BrveNJrwgK8g4rf,0.047647
4cPkXbZ6y9iQKTKpX2SZcsGRp2M98UBk96QokFL6Trg6,0.047941
AXGmr3SPELQXBUbKLczGUQUivJ4gzHqVQSvDPMnisMfB,0.048015
DY6k3Dkwe18iLneaT8Xo3VpJWB6V4jWwQQjoDvEzdg2j,0.048092
AgieWDy3pvmMGTVRheEczn9YUXwpFNvaHSfcw33T97PE,0.048452
6mSk47z4gJVZyARLuMgvBXqRY5yYgeDv1ovtwDGumFQp,0.048527
5FzqLqMJ1JESDqp1FdV79LmGrCk64VPBR1xobPvSkoBr,0.048646
8h97Gt8FNvVzz6Rx4WrCPGiTWQaiurbvhDcFKkuexvoo,0.048754
EuD11VZ5yUtCmUStpf9P8EYWegDBcrJr9JFmpVUrbHHF,0.049916
GYNq18jLzDLqve2fehUfsf5qvxDYNukyP3YJbMSRPRga,0.050078
DE3swkTf9q36fDg19sVtg1dLRUm4MsKfRc1LrhWLLfba,0.050151
GuyyUGMJ1YM57m9t8Nf9EMBRTJa7fkAhyjraf5pwFKzn,0.051349
6PmMLEQjThJPzt2Zo6LVhxjUTaDSamtRCEYoWJ23bwmt,0.051649
H2M1vELLnRSEATaqtbnWGJZGofwPqYoM5z8TwVxziZv,0.051675
AcNSypsHaCmAy53ziNB9Y44GUFHZKSALEpR8vcyMySUk,0.052636
9Ms9N8QcpbcMzvu5hFMsB88MTT72ZA6gpWEkCmto1NHY,0.053014
FYGWZUeXpZohFezWhonAhpoL83mHEHUteyyebYfXnXL7,0.053235
G1X9zkPb18i3dJQn9KtAEmDNPjsvk75bdsMCSMdKoqoY,0.054362
4ifaNFTKDdyaLuxGCjtmvgcGwm4XJ4RvrzqKV4s1Srok,0.054455
EJsyExtcAKLxBitf9CjTJkzTNx6knxr24ZHiegRW2AAP,0.056316
3r2PPVomkcgbzPq3NnaXUf3CLM1QDBRw85okYEstZWnx,0.056477
YByQX1MfwtHmUqncyENU86Mk67GTR7Y7dixNjHvU2HQ,0.056968
3QSDKKcTYiEAiqugyzD7MercQ5yeYSckciLLtKXY4Edy,0.056970
3ztfDHgVXDVkSpcxbymq5AGmEn5ECCGFvyDS3zCEp4Q6,0.058733
Bib8ZEd4BUXvBggcR5A4vfkn2KzoaT63wwNU6zkden2B,0.059738
EF3fhneicP1roau3PbQRK6fQHBpB1aJUU8G9sDZLjMiS,0.061179
Gv1MRXLYWW8QwMtDzfKARUfpuPvgwpiwdoBhYxMY93Wr,0.061432
99UWmVHxNGVYDbHKCcqey1aB9BVMfvWxLZm6fTXZvyv4,0.063922
ASma1hZGWkUYranwdaU9s7PJhmyUZB3Y92X8BNXG1Hwp,0.065206
9pWWzLbZa4XpcfT22MhP4XmPH3BQy5okg3EZuRbWQw8N,0.065369
DKJiWNvyX652FQ7kgNxtLigGeeFzh5BdpWPeJtLAXaJj,0.066953
3VAEWoS21RGoRqaMdX1hRJkSfos2eMFcPnGi5cZ7UrZQ,0.068927
6YKNw5q48FyMJxfiNHLUXkbBFAyVSCLezXKniSF9vVBj,0.068985
6Rk6wVu6pCDFwEWDbiY8wS93nDghyHP9kzdUEa6eFRRq,0.069032
FhAGYhZgdU4GsZz2zaX1yTBVWeDB3eDVZBQRZVS599cE,0.070558
ETARb2pXXdg6aFC4cdaogcEzGeYU2askpokg5WhjPrXF,0.070573
5qq4yzun692pcM4CbHer162wyDzYnAsj5y2SkiXyU82J,0.070676
BgnkSosWQyGnEHHoZq4REwxUD51BtxKBqDZaQxZsPdjD,0.072555
3PmrGo9JMe3Lew6mvdY8i6dEvJ7tqYAcCmgnqCpdBewE,0.072706
AVTuzr8JixgSP9bSgcUF2iKA87TYDMe12KrsZB9mGvBz,0.072919
6s7iisWnRERw1haLZhFY3kgQNiXYvKbpKimMttbvz2Xq,0.075270
AtkxcYYCh6uwNrhu1whGrrN1RmEmvTUv78ZhBf2QVF7k,0.075882
FcBUh6cjqgss9A4rUH1wYVPxBD5s93tJD3mCedvHpoPk,0.077055
ELZotr2ZkGCP84HKNQiTuuDeLf5iJaGux1EJg7HuhAUw,0.077336
7Hw3QTF1Z2Wi2xtvzsBqYc4PtopsnvrArXxUMjj7rxjG,0.077508
BUGZjJ9UPACPuyXy4sCAqw4uDtzxYyP7TXo9izJE7LX7,0.079434
2eqwyRYhrHicUk7bTK7w8eZ84bgtFoNCXiyHXuJ9aFtV,0.081722
CjL9As9eLnidbD5WspUZPddA1P8Kcky5hZu6TfhjmaaV,0.081722
EWyFcaxjFk1P5XcZbv3uoEX3Y5mbfjxZF3Q9A6APqrXV,0.082208
GiJsT9pdFj18wGXKYmD8QPYHxN7XzFihNsNtTbg6NkKG,0.082422
6GE9qeuUS8PYsCpeh6aUJC1MAPk1bCC3wC4iNAeoy6dA,0.083095
DPrhgU3jhQyKzqvZwQeApQqrnJiBsQw1b5hDZjhXyhXV,0.083397
4pHAFhaAPvhgBaFSDkuZT5W97q4nkoGdWsUkfEGa81ir,0.083588
FWjsGfw7dCVdL12oxCcsqD97RWVEvMBrr1VJ66YoUygc,0.084350
13iJ8dZCmELTvtT3X734WdzQHRbDya3SSLNad4j9uyYz,0.085440
8GH3rTMJZdpLdNJdtuNAgRocHEdnxVpXWZdtB9ic68oR,0.087196
4wH4UWzFrQ4MgAnCKiTZMsBZNKAwDjR6cnQLBnnBPiix,0.087320
D2jZGmeWpo2ZMyU2YTM5fDtA5gHHBrSAsHnXeYXZX4g4,0.088481
vCagQSgh7rPYMn27GfvHWkmtpafMph1mXxqqEksj5Uw,0.091132
HabA6MLjygaKE6i9Sad4c6B8rnyobMYbtFext51rCmHj,0.092727
6uuo2D6p8CsjC95AyayyKoooz6tBavVNJCTRxz29RJwP,0.096043
3ZqDXruqxJejL2TdwQi572oGnQqhiqSog4hBG9BE6iiz,0.097474
DywchddQmVmQfsaEeWynx9MvB2Pmff4VHetsvUkagSs,0.098173
HBg5hxt2VdudYPemDyFo4WfoRJVC7aePde9JiMTMGC8h,0.100906
2KGoyBNfeL9fLVXUiaCayHkWkhjMnqmi71ny5WG6cm2C,0.102342
8M1wz92nV5XM8eeox1d3cRvEkDzg6QtQzcqeBzVuXaFj,0.105501
EdXrMZKTgJwzHcoWfJmpVRq3nB6mq7vanUW8ERGuESnK,0.105761
9DyfbfiNzDqFK5g2beaqPVKDybVkyNNGH9gFPhs6b567,0.106086
2xeAmcWqbLABbLQr8qE1FLdBxBMmNV7exdonEbv6UyTR,0.106679
7vyCnzg5f7vSawvbM949KKFgZoKYj1Wuq4YKQPQkkqng,0.108187
3MsmkPefAd1zbtJtsrrR61pFLmXYGxr3d2BK8wt6QYzK,0.109519
7tZcjc1h6BYEaCBmqFp3C65QwdJ9KfjqYAynb7yJAeLv,0.111428
9sDoWhZe6K2nm3UeKsEp4ej2WjNsmCnWi3WWkCXYgjdN,0.112708
23w4iPx59oT9EJR42C3ngSFHmuUtsd4PAkxUt9sKbicf,0.113082
3dzwuFAQMmbgQDKBVqjyVkwUyapgZjC7yWHe3M88Pdk5,0.113543
5AbiZ6Hhmk4YbmuEj8fhHX9ih9svdcVFmvpr3C3TpJMM,0.113936
CygwJ5Z1ZP6xfjN1ZGH7yw8b2oYvf6JTpenXx7A5yFdt,0.114428
G6r3uq8YozL7KVjnokUofZbNfQW2G5LFzuMps85Qdsr6,0.116243
4Hw4Wd7bCRZDf3Vbrg3V1Wp3RQbs66QHSfXqACTTH1ye,0.118081
L6fb1xS8jFMQjE9eseS3NZWMLaQvRK7MPibUGhYU4L3,0.118118
A3uBfvtRbkQQ84dPjjBV3aEVkMFezvckMZuvrhpLJ1Fq,0.121092
9YH8hXyXZSfkzAXZm1UuCH9MrJyU1tHgHfuQcXhVZG97,0.123153
BkRUXxcyDce9F8fURrQ8WP7DhdroL8d6asAm5XJmdJ1h,0.125993
APrwtpjepsbn2pCAH22RuNQpN6L1UHvycJpd73pWqDNu,0.131215
4DPA6v25kNa2ZHnwnZ81cfQ84FysFMCLxpQq1n4GMx7h,0.132710
GdtDqY14DfwWBaosCP6jDQ2RfJVrH2ntJYhE1FSgVbsa,0.133908
HDvcDqaKKcED7pyBVE3VJfocTXaaKzyUhukYNpQqgZmn,0.135734
FWPhnUPdhHKbhVFAXPaCrrv8QyAGton6ALSDDniKojSC,0.136934
DmLoxafqPoEcenVtwHVzejZePHzvDroSDSC6FsGCn5ok,0.137144
BRpPYSpyYNcBPD7StLrdJmRRBXLDQnj6Mgcizz9F9hTz,0.137538
2oaA9r7NkV1wMBsr9W9jTmJM3N2nAEMgapfbajeHEY9j,0.138829
DPGvkaRxfpYAXuycor6LWHdUZzw2LJWwCtKam1P5wS4P,0.140200
uEa2smPZGdbp7x1dTDja54hhWs28gVAkkncBNQC5aDb,0.140821
uy1f1T2GQGAByvtWuXmM2EdRhYf2cW4PE7KmBZ2Gcw8,0.143145
A7i4BX6Yi9XCTHyRK826brFZoHe8zKHdgyXfBacnSicn,0.145209
7cgcFknpfs66gjKupvHyVTbx7ioAV1XPDmKwU9fjqqPs,0.145358
2x8y6iwmeDLBRpejDoCTt4K8wa2hkucLYNzcYLVw1kFH,0.146346
3cBJVSo8DhexxyRHQTJaxtWPNGrQYukrMDG2vDkHADiT,0.147978
85KeLnZn4za1G6SZdfxyTQ5zSUgxB5uNwPyAoA1yVCy3,0.151096
FF8rqfM9PTEjYiVFy8jS81weDRwdaYooux2uSa2LexrJ,0.151518
5SxMUcKmsrR4J6tSKP3iDCYQjeuqRAEhzhka6jzkxC3b,0.155560
E9JiiJGbNfSrgSqEYvTmjpY6tXWynTisMW3WXTygN7hK,0.156801
HnobuTDmHG8EmPPeNNtQryJFiU3Pg2RKdyBqrhAm4T6N,0.159523
7oVsvjrX98m3mzrcJwutPp4AY39kDmbbXbxCxubPRqpc,0.164763
8E42jkmPdmGHFQpt8ubXW6MTTPt1MJY1ipYDSNSQHYHw,0.165810
4WCQ8PC3AB8buCTRy6YJN2n7KucpacpjGAfumhnV3a9o,0.165957
2ft5U63ftgQNAii4VqdquGxKgQF19vq1DGQSyRG4HeN6,0.169251
GST6mj6az3HnVWzRx9LgviiGmSB48GyaqDDPzgrdPXKx,0.169706
GnQjw1WT8AwBDrQeZPJBiQ3UMXfPNzogr4UUvgiKL2pE,0.169772
Ft2SuVzPxUgzo9LP75PMaNZVHJgC5kgNL4WSW6oePNcL,0.172429
5gxUcSSVVdnKwjdybbMtwzYqbHdyYsT5eGjY3PEU52kQ,0.173899
EEb1e7S3tkBA8Pqd2FgwBUrLdgpKnz8umHGh2PwLtgEf,0.175548
GN4xDuQqqpFStiP6YFSiq9X7e3RzLydcpRpNG7DW3bC8,0.176909
EWPqce5QSPCgzq15sbzHtyqKyDQt8C5ebbcw7a1Ht8nX,0.177017
7kpGDhSwN7EC9CRmsDRAGE5rgHq4HCcp6tPJrU9Ymgcm,0.178414
D6U5KQGAXrYRvAEYBbB2wFhwHVtGMxb8vP94Fu8pwug7,0.181515
7ScPm14CsA7gVHDg67FFouE8fD3bav7tCER7W3BrskRC,0.183778
BVuBPiDQFTX6ZaX89Aa7zkzPnbamSkvf4FXy8XQc9wMW,0.184530
EcRQWUW6A5cLccwrRi6mAHrKZptUQnksr114niVEvQ7p,0.185207
FBqkj1nnRXcboWac5Lm9jbg5yBm2afY1h2bFjzzgvbGL,0.187059
FqzWW298cEWPJZwwHaqiAf1GxhYCBuNL8Wzg4xpJg96t,0.187064
DFhvkpq3vVKAPtpTZ4QHFrZugc9Ksg72xFVmJ54TLcbZ,0.193093
8iPxF1U87J7uor899KGLESCFm2ErVRQPk9gMoDDBFor5,0.193666
7xUGbu5qU878pjzMMBoWxijpHhANDReyLbPDH4L5DWzF,0.195591
EegtVL2RJjHTN1Lau5XDhgpQiKXcMc7JrZLTZKEVsygi,0.199753
85mMuDvnyC9BPJjQnxQsW91mHHeHW6BhGN9EtVqtCsaf,0.202983
9VUfSENZvF5dQ8Frr3RwWnDi2L9XTYQSHauNodWAxzBJ,0.204408
GXPCM79vJorpa6eUtQjDtvgb79QDrNqKZVX9HazD4jcR,0.210678
2QGSUvRUvdi8D1SjcTMNM84mSWf85UNbe5NUzjLdjWsf,0.216946
CeXWdP24j2MEq3JUPwPBtrKkEdP1nrzJ6fBCrK17wdFg,0.222460
C6SXHfhJjhD7HNezbquEwhoupyYpcKFmzEopEBrePanb,0.224219
5cvX5RGXCbX12Rso1UCTFFDdzgN9W7jMTHCDzKAthmuo,0.225802
J1Zn8ymvJEVqx7qQYBuQZFbEry3MjD6g2Hb8tJ3M3JGY,0.227681
F3Hq5hKQ7mh2PiaMDtqTd1xPrGCUszajivFu1pBqvsbk,0.227937
ArppkrcHZoBYKXqYBMMoKthEqhU9juopyqDLZJsVqdqY,0.233825
85H86tmmuxiGW8M1KcEepefwktKhLEPFbKEF4Js3zcu4,0.236068
Hew6XJcEjQAx2Pi4GWogr68dmbST24g9xtumKBqvhkdL,0.236662
9WW4oiMyW6A9oP4R8jvxJLMZ3RUss18qsM4yBBHJPj94,0.244801
8mmczcu7xaHSHs31hUqf9wqSjLC77frLMYkx9tnLLFJP,0.250953
A1SfXRyB64cMg2D9jQH9fpZgytge8V9UUE2jG7YxZ8w1,0.251622
DoqTaodBSyz4ZTy9XspTmvcVm53YKPU6UEiog5LWBhEN,0.253867
dhTbo8VeQDSePA4VzfDuuHseoPedFyyb1FFFdifEQpQ,0.256487
C5RUJNt9qcjBT1dm6Fy4WsvahXiGyV9TcRvqJfS4JRfS,0.260052
DhvT8DXjkBymYtyCSnvZgiL28RJLb1x29Av2jgvNVMwG,0.260133
GSzaeQrBTfCxcYvTGtLK3Ay9tkUYyh1vnEjRdC1ocRgy,0.268345
333b5BGMQiDU89mSJghCNVTeoS2HnyvzVX8BAMgdYgjN,0.272919
L3epscXMjrg9y8z3CEnzbChLLv5Q4BiYkK35NuTH1Du,0.274284
7NhucaegYgw8odnGT4PuV6Xn7nHBt4Uqc8utkuJ2V2PD,0.275366
FD16dK5ydf9sShEc2zBn9vmGtxuinXbJVH36moSqScMj,0.284842
ECzNa62CJDMQGQJCgSpuvUUN3MTZ5bC1K5iRLWfHPLSN,0.285573
5MepKDqkYP82mvLcFSpMrU4DHk8KWzpMtQFJEf6A3hmM,0.288702
31h4UyP2yxXr35kyYgr9enEemcqz3C5WPUmCr4kys9SA,0.289379
DekRRzbMbEDQdihw4vXh4mWwaRjtY6J4tbjwEzTAdc77,0.289379
5GB3iFjgtjK9dN931b23SLpQ94BNk1s8chj84z4smuZQ,0.289379
2rTFhjHFQ13z5b75UZybBCR1ZoVpYLwJJj6VMTg8yRUs,0.293816
Azmad12Wcc6LeSXZXLBaeim6REZmzeGbhX4xBxh57vP6,0.295890
A8MZUvRAWD9itxUD7fqtstbG9JKM3kaBi8pyyBE8AbiJ,0.301469
7oU2jPf7AhndJCf9sN9yfRuFne4pimtmVEidPMvFvWho,0.302938
EvSHz72JbNnF6rRD8pjmxXXqpjJLAYtdH9YKWoxRXqY2,0.303445
9cUW781zcvcBBhBvEyd9D5DjoVcMiF4K2uUaQ356VYWY,0.304559
Bmues2pZoiNBve6c4QdhT4UDJiRg29abaoeRfw6imSqS,0.306593
TBFM962LqBpqmpEo8Fg2RztxKxmA3yUM7aJQYhxXf79,0.306703
2RVY82MAkkaE28JpA9eqYsX6dC6bLh5aVE8wKRWRyp4U,0.315368
6F1MTU32FQimG4JvPChh1JZoTvsMbapTBeZREmPs8RGK,0.319660
AG7kCq6xQofaGj7jjSXrm9oSNyhT5uCJYQR8PfRnrXaG,0.321282
9Rm2sV3uCdej7ZUeKFvDUWMbyd4KtBeYdeeGYPKBz3Dm,0.325922
4qFqXX1vYs17hWbK1fkRUnLCm557Kea6q7NQBBTNx1Y8,0.330075
88sUioS9DNp83yg3rjdr34H6KVwc1VtKzXMKaHFHyybV,0.330542
APaMp47gZriecG9M4gbifwU4ijiS6eiwNASrGvxVNtnF,0.332202
7R57sV33GsofyW8ia1xnBK6KvNzz3i3DhnDjxXX3Tmn4,0.334078
CESnygxKjCpNaC3oQ5SPar2PoaDJ3xG4PfS1QHqaftZk,0.334355
GvRoNMwbvD3dXrJVJ6SbLLFSukhwx898RU9B4Sr2Eho9,0.341904
p4kZWK2zRUFJokjCXhQXKoJ5afmf7xQXW6MeBMq119i,0.345323
HpWs3WfaYTuDD7Pq53knf2Veu1RmUjrbC34A6QQvxJ7c,0.352692
FiFXWf395f9eTKgSHRE5ruXBDnBV7hk8ge6uJx22brWu,0.354529
HZ2rUiHCAk2tcYD4HpDrxDW3gYnsBt5va6FWy2JXAJ9V,0.361548
DvseeR44qWm79HF6Pm4F7Nk2oCmKx9SbLbDKTvi7F7CB,0.363000
2ALiZP3kQuEYDXuzSWYpZGp24g8KrxZY9JDw3NtvZeM6,0.367254
B7U5jfWemHisNYef6rPqQk6bTABU5h6PcDw8dJc3Vjkt,0.370907
Cj2gQcCDLCSVDmtbBbeXqxNJh3RV4opJRT6S7Ys2rAqd,0.371526
LzRftG9sWspZdBpbJ7HxFN8UEEU1yhkJKJRrbR5hUxW,0.374022
GXM8siZz45P4H9NhdznvEWAR5gYUMoebHFDp4Sbyim5D,0.385052
CGAzZtpj4HPqPTt3V58H916pdLmUHSW3f1BWa8iFPgXt,0.386291
6wyMF78JsvvEoz6WookRhSsu7LRZ5m1tvFF361AQdPM9,0.390196
Ej3SVvKuJW8FmVk1nXUgt1FaXgJMAM9jVNucbKt3VhNX,0.396287
5VX5VNaSjCnPzoQ3pWG9vuYuQU1N6Qb1x7U6FtXE2gQ,0.396499
4XQP4tyFAgvJFqppjWxs7JWg76m4sJnh6gf6YtGjpoDB,0.402934
28XqPsGwB7TT4hGRcjfSjrg5wi1NyvgrGeDP2ukmvdsJ,0.407648
2q2VLFGZ4tL3iMZGB5w8iyarfZ7K28L8kkg4K1Gh1xPb,0.407733
BYG9ETy7NVVYRvt59VycqmKkKCahJaKHXJAs6scpkj9M,0.407760
4c7wtWULc9dTojP8S2NW4idapj5GWBRkvxcnxH5SCCPh,0.407797
74kSvQufFd3GtmCrRxz5AZvm9maEKb7qC8PJSsBtu9oQ,0.407892
6b4QsGcSWg4yV6aK7gKSqJond8KsZpt2DRLikExmyhor,0.407949
HYiQgUnb31D9PoQzgiQ8xMdTNft4DNShpyVLw5926aNw,0.407949
3tq5QgUnDUC4wWwErqwhHmPpThqKFW1WNMhG3fpKTB9y,0.407949
2zeKD3Hp8F6xNNxf3wZeZRst1vuCvjYnoEqC196eUD28,0.407955
7damUJQiMyyDApQpYKLT3ZurDQWFGoyGwuU1BvXFhRD5,0.407955
CXCs9xE9Wm4e65z1UsxUxVt15PWeTvMN3oV58py5NXwz,0.416923
5MMiBBLAz3osaSx6ykhkBkwLm9s7qsJbXrS9rDq86qzu,0.417092
93FHhHNgods1b4K3b371yU3hvFswwAw2iySNAUEdcjgn,0.422837
6yA7bhwaZQUv2VFPeHFBsPUwr2pv4hLVCfBg4iYK3wLa,0.425860
CDaqFePmXS8pRFwMmxm36fjpLvB6Hzav1Az5sTLVJKUL,0.428343
6NKm5WVgSJDgKX1PHvsRh6Lrc9pXjQxWVpQascok2MdX,0.439924
ETZR5nuVE7dpu2mfn7sc9gFYkF7zjN9dcEgge22BTV75,0.445988
Burq2x9i3sJAsJnZeT3a3grHLVaPuxBAPWa2aMi2ZjuL,0.448307
AoNu2sDmU7MtRLpsaagZ1GWCmQ7jYEbTZ6s2KnhGfwyp,0.451350
6eWTmA27kR6GcPoVWX6fE3ZTLoRgj3RPwju4kDMoFnZG,0.459172
8bobmwRbsYQQc1oXwJWD7RsDgW5WqoB8YJNZaryBYBCm,0.467823
EdRLuBR78PACfMvRHHxgmeNya1YCX9iGUUWMc2gTSE1d,0.469282
NJAVFwh6wMSdZf3x8qcyVFxCTzPnrz29G14wEM7hg6D,0.472193
6m4i6Gh83M4oDps6g6zXM4wiXap35w65DQS7hdnEzuB5,0.475986
E6jKjUStwHTpeCggxi36YrmH8ZfJVz5seoRNDHnyYrzJ,0.490909
DRPeMowpMdNNLzmsq6TydXPiMUosLAgtcJGmxPAVDNYA,0.491838
6qWP977HvKLis7hkZdSGgsn35yUGk5FS9SUnAgLJfojn,0.501580
HJHTD7sED6E9r962AARVPCW1rK7E4FQWYfaeX3g3iU3y,0.501805
Gg1Jh9aDCfrqm2BcFDK5fRPeGuGp8BQ3jD2gXqDniEY9,0.504039
3Z4mom1vhuBXW3nNra9AVftECqjY4XzKWmPLWyg9WwNf,0.516754
9aE3SB7EqNMNGBxfnDTb4SZFeRjVQR7BfyaAbvqqjqqX,0.519297
3A5bk9vqiFKNiJQutkYnDv1JvK5zABYCXcvkHe2vZR3u,0.521119
5s4KyZSCExZVRPg579FBTLARtpxteJf9k5UoQpsaPvoz,0.526105
6JvbhYjTZSakknyvdmuGL9qzJJoSatPgMN5Ld3snJMG1,0.539133
9wzKoNqDB1o2ThfK8Drf2NGN9FMfQFNJtuYam32ru8pf,0.553591
CHRcW6aNNLGRVVfujBJDQ7QZHZashxaCEWmESmJVRfKq,0.560914
GoTUbzwbBHbYUnVjnouuzDZqcnadCxkpAMj1qyEnbeu1,0.561271
6e8BNDQJiVxiTUNZGNXrGJktJgbM4iuVYRtcRf8Df1c3,0.574926
DkaUu3f3cf7kZf7LQQpAYZkqCGzxcUZ7khsd47o8qxDW,0.575343
13DaUC8Qr4qUDgCFyDm3VVHaz6dsBLPumMUPg9oyTS6U,0.579500
F94Qbt9zvCjFqndw6X8sdPiMFieecFoHXbgehvkNZNrK,0.581787
3o4eqgMkWfY8caCeF9qDUrdo2116W7ByCJRSzM21hoCx,0.601490
4EoF88CKS9W7uBqLfwC4Tgyq4BAA47xdK7jWvYsp9Jqv,0.601668
9kK2PuehQxgcXtnYnPNmukmzfDTsVHv15pE86xwi7vYt,0.601806
GupFJL8kJYMp3V4gUsD5tFCKK7zwG2HLt4yrdmGYJE9n,0.607742
8Xhdb5y7ktFz5xx2FXdS4ccArScN8nPNM1mg9nDVfwwx,0.611832
73Z1WZL5JsbU5SVh43DCXhf3Dis1F2fx1FqihSm5zKhQ,0.612533
CvyqTiRP5jNpBQLktVrnJ2ED2SpywXFccqYAXqMeTR3M,0.613538
ACttKcdK96WCdhiP4PYXcnAgG5o3f4whu1LtCL7Aspxm,0.616964
9oxtAZWRErF1qh7EmY8T4pW9b6rqid357xjM7dRYVgH7,0.621520
4mxoQvtDCnbrsEUQp5NtSKQrNRfeJ7iMCPJ4GCCDXUoJ,0.623086
6VHKRsV67Hx6zUWdQs8FVNFW7Qb2SBsEd6jqMRD5UVGf,0.623987
AFyy3BJXPrC6avBYV4BR2XNpCXWaHFjrVT2RkNn575TT,0.626993
Bz6oLu7ePhjFx4YJ5ZbeDpgtzaaXDf2hwetJuzprGbSi,0.627475
7zpzJ7uxMx3PnHxoSyXpezZ9mTPdXL7TGmTfCaPEeXJH,0.640293
27LpLdkx92YKF2XizeU9GFpr39kju17F1cHSyPgmU1s3,0.658729
9Mf7aQjun56wyPWC5Ay4Fae5UsYPC1GLqjfF1VXfD6Hm,0.659719
3W2wcwyVa8cA8MhMxGXmnjEWXVNcY1um3ExoyaXFvL5e,0.661589
9x1ZfzuG8vkQNJgPV98HjaPVKRyh5b6bpbp5wy7smsuk,0.667253
HNnkbWLmEKkRwcUn3bZmJv7MmDuhirfGRBenQTK11D1U,0.672188
AR3ojeyzMB26mEE9cQeKMNx4R21eSDQKhine6qrakkvn,0.673615
HT8N3K1GWgF5DDNEfvmNLuN5A8ns8zoKqRUzHttU1q97,0.686934
Gviyk6TcmJScUcPbb3fxvJ7apGg5q4KYsp97VNJcAuQS,0.690367
5Z3eypbzsCutgNg2qAUHracHmfx4nmSJSfeBeP1BdQo8,0.699179
6cEbEJ6NG4AT412YYokvwsrHWi5ns2Sxqdf4uqC8zyyH,0.729270
EwigvspSF5JXPjBAKNRr3PbSxX7u2is2MLfheuJwULWP,0.735228
GPVx3FVGe6yVWxcK7PpySvFByXghVhMTHSVUNe6XGtRX,0.739649
A4zJGA5enYes3xjmz6h4mFe2Joojwn2ybf6v2ZKUSTAX,0.743157
3McwM8j48gYvgXuyEeHChv3YhYKbtckYZrptWaokJfhn,0.744991
GhwTVgyBrRbPQ5toFsfTNqK5Nodn4yAf3G2m2kTTbwco,0.757311
H1XLD5c61tNnfqt6fhedMhN9xdS1iZa1bXqkcRfuFvn4,0.759659
9dxEEGz8FTyjGTDFTFrxFSgDUkoZKCruDc1jVQqc5guV,0.770551
BPrzQVTYco8fAtHgknAkqutXyEMS4TB4cmc25h37MRu,0.772429
FRtBhWr9M3jmL3o6n4CFNTdBgxB1rdn45uHsnpAbigfW,0.781214
FL6qUi6j2uaHavXuCxJYvuCrAhyyD1cpoYUmj9xGZSuh,0.781656
BqJQ5qZ8PmkHBpZxQRCnnmB4FpTT7BMuXHumnbDrYJuT,0.787180
66i94hsnUVouqwxpzuxepcKy74oSiSTjKpBTFzBEMGte,0.788638
8KH28JxL1xgJaMuck6GXrRLnrwUhoYNPe2Z7KR5MyYA7,0.788640
4aCgM7YBpZCV8d1tyG35P4bZiTrAjnMMvZKYHpogFB8z,0.788669
J6gntuDD6uPqa96QfZfTZx3TtJkun7shuQqNMKo9yKne,0.788669
7T3Ygk3WHnMKtaiSXquxBrk94BHSzSrVdpxTJeyHjqdF,0.788669
6Ang3TpdbsuhTgFMA69ZaRfHanmzmUWyUMztBbkzzYXZ,0.789263
9jdpWZdFrLQT7uNbuzHd9fou3i5XF98ofEXDGCwQaGo1,0.820477
FT72bYFyPThnky1CXc8k4BZ7txt4CYaXvLb58snRh9FX,0.830772
ChmMAJt56GHUFcSRAwrTQaxV9KxcF7ANX4eoJY71Np6y,0.831149
CRxPpU7uL7B8YVSsLUKMQzaUf4J9yyY3ezo7Hb5Uggjr,0.852980
DtY5MoyVbXmYmKPQjy3ED4kzhJSpssmKJvvRsZgPN7Rq,0.854246
8DNCyg6MgqXW5mqAeCDsjRxULAs4sLAtGBLfEUYWsMxT,0.854525
Htx34qtx3PBXbP1QquftzvoiAftpg9FePeg2C1DdmLww,0.873049
44Fky9qzHhPmEibagmJLApbmjrWFjWczmrrGSi7wu92p,0.898161
9GdwVFHv1x6TuRQj7JLc1aWu2ovvhtgjAbNB8pUuhBhT,0.900419
6niQWU7nuW33ktYiiXjicAouaYYiwTZcgge3u5mZUtsc,0.916040
DV7sPtwhnoowPGSMz6AgjFRfVEj7qxr3BKHjA16gjaDF,0.922591
6NSAMJ2gGuyiqXgeuTEETpqqRTuEb7iqnuwF1jCfrhsp,0.929154
34Wmv58UF8HUmjdcWdCZVU9o7h8N5h2fTozqRwh9mucM,0.956467
8kKQshmbbeVwCJ6VWD2XuqLz6WhVrVXZQhcDAZ3dKyYw,0.986222
7nEVXUHs6uv9ccbLVQ4AqD9S9HHayWuafkpNxnjF4AiF,1.002161
HSrum2jX7BLFCUpcNz17Qmxpn7FdmxuBkg8bQBAPoxi4,1.025777
2FzhGsLPdC6TBd5KZS87xmWMKuNmE21d2yahS14EwP2A,1.028293
9fJ78F1Jj2qGnQ2TACnH96Ddut8emW3xy777XVrYdmUB,1.037182
B2CC5sfjqYhExPEymn5Dy5395wzb61cVWKFvho66kRNN,1.043071
FfMmiW6uMf6nFgv26LnecsSaUoYAaFvPEqkXkRkDXWx6,1.051415
AfsDDzM3MGKRUyf2Uj4cNNrTHjesUkrj6s6CMJgacZWq,1.055852
AQMPLJZFGVazB9k8yf8xWWkitPgBGWJ2JofE7rcQnreQ,1.057593
5Er6EBRY5yxPBV2PTep9TTkyfL5Ccew6VrDoPZsmHgSF,1.062314
2rCRdyfi65rpxRRmg7knaSb8t55FuPt3h8wF4Fzhy8MM,1.069295
6MejJXcR2qGxnWLMHpwmXC7DZTWp184UrhCTPfsEHZk7,1.070081
EHgsRac4tewZ4dn5usD2mg7XnDt8jmftTVgYeF6Zr9Jq,1.070471
FTxVywKmcGhQNDbdV5B5pBpiK1RYoMFX3tU1gkLYCAbL,1.079735
BtbxfyPx5v82dcKYZTU73Nww9esX1T31t9TPjSw4LuXp,1.098506
5d8b4vmXnccGPNDkDThhxZaDc6gCWgXnD72qnCG4EzRs,1.103308
H97Hp2yiwp2L2mfKEcpYSnXsK2t4eH9oG6aXXtrcpo28,1.105597
7ER3comjSoDDeLh8eEoQLpvZibVxPkAoHvu2yXqfrssr,1.115109
3C2MZQKh9x4zNTCMbhhvoafGaFMwUooqfy9MCgPyXs6E,1.134080
3o1PyThpRoyDzqWeTtKFNF4ybLGyZfgA8KebA4vcxUgm,1.142638
DWG1Wfxfavfwz5BkUQ58fcDmvDNVt3xxDngDwJNkZAaK,1.152604
HfW97Lwm186yH9WWaq1RF322nVyn8vVmhSgy92bjBZkt,1.195369
HjLKxijZfS9Y3f79CdNz69mT9FDerSrBBc9dmju1JVN4,1.209773
9cM8bXndEXZpxtMnL83WTKfHRheedLaWwUz95ye521Cu,1.216503
6EFJasZZcqUhp3AVywehpf2gyw4mvT3cbqwRM2eEh5qa,1.223546
GUviD4msoABg6v8koqaHnrXNnqrgbqUV5PRoxczAxtiT,1.271365
2EivMuuecurojXP86i5YPxepdQLFT6Rkf77ktBon6fTa,1.297292
Gjrg1pHaqAHSJSUcuXnvZtaPt2Fozg1d3VQWkceYUJ6u,1.302191
9Yy9uPhRCcw3ehzFQKusikc6r7PANMAPSJ8C3e7CHEvm,1.308491
AnHykkewPzXUBUiPS7dULzkZtgjnjhM3gXQ9iHvbxbDq,1.321425
4MzG9UzMMxHqeAsyTkQ7SrYGXGZ7qPXBJxQkuYAPQpvz,1.334431
5wGqu6PASyXe5BuPokqG9JKfCWyU3s432EN4gB2utfyH,1.335328
5wBWySrTZqXtQGYrj6B5UtdAyuyRoHumQ4NYHNB6Ug9y,1.404858
APTRnErEJP2NExKBcnMfpZyj4kUkYM7qj7LiwtRJWByp,1.414901
9Mi12g7Jk4Fed9Zq4ZKxkvU5HrXyzpznruFzuqaWgtLF,1.478345
2a9smFDgWwZp1wzWZv76Ey9EawzRWiD3r5bPkHM6tqMu,1.519554
4xX4FZum3BY3ukAv5R66hNCVMHGiZzbGvTPmosiiQT7g,1.521262
AxmymYgEtuhnQX9ycfYbfEMnxN679mcgjC3pK9MGyx2a,1.522977
5UXUuphPd39xLF4qgdocgRXjmYZdsk2Gx3MV34fab5hV,1.538017
HoV7BpnZSPeSbfgAGrRkVAHWYB9rQzmZmYw1ZFTDZV3z,1.544511
AAotoBWiwHrBTBwyVcQyU81nm1RvWoUSXzwVvkhH8VDU,1.566022
DyDBUvCHoeuDhA7cs1unVWYJnHngtKYnCZX5vhCYHmgd,1.600989
ozyhNS6dCMsTwUEzRtzmqXMzRePsK4E77qQ1qL7Ut2N,1.646806
ArmMfDHV7seWTUZzDzK3WXZGtTkimydFGi47BCUZSatD,1.648433
CLU6Evypg2xb6uxRaG9yHUKWTc5c3GUr8F1UuK9bLt4v,1.667433
ExVJqZXv2yaDDFc96ACQUYA5UHNwBHhCwNRf8ymL51hm,1.702443
GqSC97hf13hESmz3JzTLrfBWwhhjLR1bwBAVFhSo7seo,1.710838
D8quLVQiJBJTWhFyLXACxAj6dDe8kZQaT5KCXDkHSFF,1.723709
AQkdVeH6iADdEmFLBPNkjtCx7dnQcVPYVdey5XSt3Pz7,1.724236
61iGXZT6b1crZibN83pBGzbdHM2pxFt3G8mzVkE1sBjQ,1.730218
EYFkTLGgv5vcJz2NVcYracxWqscTvx9Hg6ABVT6RZV2Y,1.733953
ApRMAyCtaJPhvi2KJ3KYx1T2vPD8DripvaX4ycjWyZiH,1.749268
DhQiNkeH2zAiZrppUpc6TNRRb386fj77uUZJuTGSh4CX,1.757662
7QToNAo2Y3y652dhuYpit1e9jft4rDYULPLW2XYVKZsu,1.758602
G32atRHMf1ySY3FH9z3PYiSjEqFhAdYwGkKdtzyDXojf,1.779950
D4h7JPq4hDzXKUM5NuRGzoYp5fT3L7PSt1umKxP5pQzC,1.829969
6kZoofhL5S3U8aQU2VW2TDRZdiBYo1e1o8AUSbSttsAy,1.842482
2fZ2tYJSHsE7nSWisRQhF8rfC1Ui2FS4ELwSxcGANGaM,1.849322
5AWhStitFRPPYR4GjPk2ieyg8VLhygcrXMmbUuoQ7Z5i,1.858591
FrihMwVp1sd2JvBKiJDvK3nsoodT5wGWVRydnkcfrWH8,1.929805
8sxnbZcr5DRRXPbWrUihXqcWw1BNvxzkcZB8Ruc12PvN,1.955247
Dqbbhc5676JYzD8ssf2Fk9izpbZRGrZTtmmdb9R7dS4h,2.006310
AL8JFS4gjaQx89f9j8wtaNJgV76K8bw1ugvNtgvhgAnb,2.037149
9qGz5Mh1XNUXqY1vEg5S1ZEMzPFvBLRbp1qaXwxSFMby,2.037150
ChyGCvccZfx34NbXSix3NjBHfYYU1ixKemzaL7BVcH9V,2.037223
GT7r8xCUDbnHrRv6Q3vFZZ6T4PNmkiRJTzxc7DuCW4jX,2.037871
BZJXoPmMPixfXYyWz6FS4F9tLzavBmvmcb8HZqApqH6J,2.054913
YWyjQoYfcptqYP8MjtRNsqbQTY4m6EbuPx9ZUtymPcV,2.075605
QW24gKemAyHcXJtWqtgY4n5rozaF4VApWa7a6aJXFsv,2.113414
GNa9E2dWP8e2fg23pRJoiCvJm5cbzomm94YzotpcRh7A,2.132605
6Wrv1gvd8Abt9FQSdkBh6MAhkqex8zpa4vVTjaJanfsx,2.135152
2CyedV8gPjSU3kUgiFVG5oTiyK2N9qTVQb9d69RsZ6dQ,2.196329
8UAMSAbtvwsEddzVJpC3WGtoxhGnKCF8FUJoPV9quXKH,2.238744
J7W1AGfCD2jBysDNsFP5BDP6pZpzAY1eGWU7P3RpRn3Q,2.245362
96APJgMMGUHqsEpkRtVjnGnt2dR1gUUDGwADEge18CLe,2.264166
C53pmi6753JkkeGNPCEuAgdQ97qRqJmDXPsQyEbQjNWA,2.268394
DuuP1XsAPy2vLrUtN3YHGKbLE8pCYpbKg1Ws3jdEMebc,2.289773
7WwdzPgWYhLmTCmPUSguMGVcj1L46dqbX4xabEn8GxE1,2.331684
DQrv6fmZNvg2QT264tjjm22csVLws8CfVBB6se7mbWdR,2.348363
3PeSfUs7SR7oMyjFSSNF2E99xmsxg6KsfA5AUma7C5DW,2.367167
6HFErPTzWzSWX9Y4ptJb9Y8isu77c3SRy5cnwTqnfDqo,2.484521
AsgeKFXjY8fkxSAnhfXTmGeiJhr1cNWCTRngwcR8NkjJ,2.486150
xYwSUQv7DX62XGo4XXFAQRSTwtS1NrWz8rifR7Gppeg,2.496791
4HrLBc5oAWNEoNjsCA2rFBfaemN3MmcMo8os1DBGPg85,2.625649
GZvboo2Fx3WBMTous5ya9VT2mFvcd9PhE5xgpa2jLrXR,2.628674
FRAQs8rq9bHuSge9UmsGGHpJ79PSwB9wfzBFbw2Yv6yk,2.664842
8fuqKdYnNkkpZtjZ26AXFCxdQ31CsAphubhVbSKFscTR,2.791196
51B4eqveUEkHnwCtQ2aSGvaDiY24MPxP2SqwQMEKiJsG,2.798635
9jT73jpqza26nbitCp3WbtBdv6PMm2ooWND8QyZxpRoZ,2.854735
HDnX43dBbaYnaEq86mdwgsMk12smhFvpMj6w1aiSsfef,2.876319
3mEWRSFsdPnZdN8KTxixkNscw5azkARhaVhnpH6XrLyK,2.877379
uFFzRs1vsWVVcKK9WRA4iUbZTnBEhNXcoNYGy5QZviE,2.924870
D1QBtyDxG3YZByQ2gwbQ7YPzBexw1XSoTAR2YZY5XhBE,2.941091
9LD6UozAT1AH8U1KubU75RcYkqa7kYM4S9xXHLrwiQef,2.951943
BCLNW8Ss82uD5F63S6o9bXRwdY5vA834kFJrWTT9FVfD,2.998584
FZHnFkAHHZTvXFtMTKWwg3hMr2WQZprQUHrNCPyo1yVq,3.005824
2sw7EjbKMvTqupvEMS5pRkzEU5SCGFgaB5DR8zLUFcha,3.019322
6D9CN27M2hxubQPyTFiuJUcKfGrg2zoTmgs7DC4XSijr,3.073552
Gga44E4ncWpjBJdzWkkB7M8k3H5qAKXrH6h4uvA1XVAz,3.083536
7wDvZdrx4GMy84nYhRbutSEXNyuaCHYCFsU2H8ohg2Nt,3.155213
2nxDQCQyUKABY6iEa71cnSjH9kWN7qstFZ4tFp1igKwb,3.174105
BaJRNUyNZZvEQ2xG9KnpJti6mmLCyqtBuCZCVQziYdVT,3.225268
ARVhD7UsVWatKbNfjebsG5wpttsknLxpSbfQgrAedJdk,3.245750
HWgwpmvsdw7apdv9KQrcedRmiJyAf35EkdXjqgyzP9zR,3.287212
A8qncfGwb9K1aXtihVjCJEzXE8ynvzgGQcSSVyP5L2Sz,3.318538
4Xm4F7658rTsepgLuU1ZPV6cFnTfs1237s6gygYZkGC4,3.371479
FNPAvLpBKR8fL4AGcoKMKCbHzMYo5k7ay2rwvavTuJhn,3.372526
NH2SqVKuShg36EqAU8LLa1kVFY4i9BtZe1mwKK2wzP8,3.377397
Cm5D4TunudhdJwnFSHfxffzLeT3ncYsbXsUdSqWSm3Nd,3.382497
FicRMN4UfXvGjbosv1B6fAKnvYYyZVhPUrTY7q4oqhnA,3.382639
3EXsLWM8VfayF8h9WNqJY7tYmKuwuhzG9TU2EKUZ2nSh,3.634504
AbYpQ6VzEAv4F91CA7KLVf2jn7RoEDAG2qiCF5vseKrH,3.716990
3nf7DHHAijRkPBNsuLeCuEGjUeUtSjHnTHPW5YSTcccY,3.923654
AGSt8UgvCsYP1BMZkrTkBL4ergLLZr5ovBZBuDZejzk2,4.030646
H5A5VH4j9mDAEWBTjYbiYPVrh37eZSWsCZk71ASa2suf,4.036191
7tLEC5p5bffrU8Jzdtn95KM3sJ4ip5bs15Phd38s8jAU,4.110379
8djD77wbxqJCCesESU7EgPJsk4tq7KGDi5EQgXon6H49,4.177371
775ANAGx3kyFQV6YHvQXmfA7gB6DFkyojsQZXVdF4vwr,4.195183
7WbFz2xFst4bM4XJf46iZHiAxMzhXr7gexJMyuyqCYS4,4.202402
t344wG2ZwSnMHSzkUpp23L82LGCFu6Q7KbFDVVXSyJ4,4.237405
CWkHjJFFr2VaaMPaBvosPLdQNfWwmYdBEeKfxLDK3msW,4.284505
BvSVE6YS8Pjwnsa1FtzJAbacqxVrRdv9iVepaMfWzQDE,4.286240
9FxzKTAkmu96HxArdnwrhzhbe5qYoh9Sg61UreCBZN2F,4.305987
4ja2N12Zczh9K25zGFTfao6yPdTZSfA5Bw4QueSmQCYJ,4.369725
EvRp93tviQXWCbC9AKZmKjtGCGFtfuZ1xkfz7rSUpKxV,4.461681
4bpvgHo1oPZcjRCkgUuVMRZpHshwHZZh8ZL5SY5RcXap,4.530835
9T6bCVf7AshQP1NNbsF3eCdbChKbcfrFUPFWUXRijY5M,4.664061
ERXQbk1Wgst9MaWcPed2uNfF91pndZkbz5CpA5BXF8f9,4.668382
866t8aEvcdUrW1rZPyrABTiTW6cCe9gq5AADaqPufR9k,4.728140
BTriCVxJb6vH4FKESMG7fehMVURAiywTWLc4ZUEa4XUM,4.833865
7E3YEMXR3brpcvm1DqdMMdYqad8BZ2gxbK754dZV2mMg,4.838259
DCog3rqsmcPk7D6zZTAopjCtwUSuAxLaRni1WrHbRP8Q,4.945328
GiXa4pNCtYU3VHob9Y4fuiNab5DYYhnWRECa8nD33WBB,5.386706
4tVvmcDSWibNoTcFb2Cp1Ga65YB1vZoFoC8weBRAxasq,5.566805
Gtv7eokmEs2M7Wu5yAikncMtHieTfKpNQjuvoejJqJuc,5.595140
CNh7xwdNKWvTtS626Q9y6t94gS7XBBRTxSzAEVxb5TfK,5.647015
BAuzZCSCsRgCuTeBgRt6yyDW5w4dJKuohcn4sW87NU79,5.653565
2F6EKtb3Ce8xHbqTfxzAen5eYDbATQMftUX2QXpFgHKb,5.658317
9XWnGcfKdvWRvKU399qr8Vhurbed6vhyKYabMkbaeLZP,5.992188
UaWNfPo5CqVegWKtHnYPjt5miKXeGJLA2UX6WnofDpB,6.092611
ysh2B9XKTbX8DdsWM3HrzjuZ5otrFc24Y6H8naAmoYi,6.147942
B7GvqpbR5bZ7WPoXa7i3GYEdCjBbppv4baRWiJL6HjjZ,6.404585
976iUvt2UD8bKNkNentYLtHzb6GDvZCGx32tSB4LsyJw,6.610043
5PhK5gCdedWb2cvmLSRuSYnP7yegyqZuq33MfYjgRR1M,6.680264
4F7dPMdUpTMZuYXv3aUQktes7sWh6xzDVQ7vec7W5X86,6.808092
6whqdwy8CPguosBaGUb65NsuVPCXjjtiYbKDvVfotsBf,6.837064
3cou6cNBHFnYQL98k34jTfgKuGcK2iGzJEXAXLRqWrwT,6.896716
AWvKYvSS9mNcCYEL3DQmboJXTPF3qkeKjDHSNT6dM2PV,7.067614
BENBbh4CpfwX8n5jJbfuovUJwP1JbzMWuzk5gQjTX5xq,7.167241
AzGscdWJaEcqbaa3Jzrs47C7cykpbKkCCw4b9cPhQTWC,7.297221
4rbqe9fDiD3fMtAf6CTuqdh3r9SRoMQYK9VerX7nF37f,7.355331
CnZx3vEqSoKfPaRbb3urPpSwDs1Ms4bn9xPrXsr13pZk,7.547743
C6AdwcPSkbQXbNzM4ib3AHgqh4sKxR6qwtyaWheEfrPu,7.572351
C3f5eRqdz8ydDaxJULkgFRYRDBX49xM9reu39P2WCEZP,7.645323
9ByRjL9aNpR1E2Yik6RCcuNVpY7TpjmJp3NyMw2uDuD4,7.715242
EToqvQTpzBfLfgPLf2vbpSkLt4isU6hR6E3Dhcx1uCD9,7.997312
8rLc8gL28zCs1vfSaz5mBz1cJe3jxpPLyqctBrrsuWVQ,8.149229
8PejB7ugJdft7hmLyjZs6MMZ3MAk4WNGB1cjhAZRrEp5,8.190044
FPqZPuc1dJcepaec4qyghHVQZbQSXHRWnFEQgcuUjKgi,8.305005
EyKqZyma3unXbdtR3StNN3rhPH9yNj61rnk4dgAVnbUf,8.453067
AdgUiKvxNRnYZ6Cc77PXDiFZFahJAGjYd2Vfzrj5U2B3,8.462677
CsMk1VZYFMZvffwSP4iWmVbGK6odpgX6KyLZrxAeNb91,8.495860
4PiJJpJ4A4Wxt9PEzz2T6ZFe7KM1PraEp4Yhje6tPUJD,8.640611
BMSTukA9vm2ohgiX58SPutotkNs8C7Kmcztk2zNvSRJ8,8.673286
7SU26uYYXaeSGrY1H6GSTDBY8hNSYUYBKBxSzgAFfep7,8.880778
Fb6pssACdetU6j1xFsqGeJdabNEhKRTa3Dj625ewNECH,8.995794
3EkaWW2WfpdRsgX7KF2DxjW4DA5qyvHMRtUNrea7c5Bk,9.071715
3ZNJ9NsPGtBFd4MSLwrw1jnWz7rkMHUtGir5PC65jPNs,9.447292
4AzxK5W9NtpRBUsZPWCz5Wj7ockPwQdvix4sPVH1w7cc,9.517154
EhdJqnkoCdh8Kgd1mVHCVsJ5VkHWk1Xe6BLbrCayJucv,9.705899
FJvVaCsie1cMfHeWk2XYZQyYSn9NUHAoo23c1pSZCosM,10.195231
MAZt9R5E8BywXCDJXs6jz31dcntasEGJ4LQ1QtdDH13,10.693159
F9PTwthMMuruEZ3KuHDwKgsLCzyLRPiQTsCPtNimAKPE,10.766541
5Z5FiHFCtCXYbjijimm943TVhffeYipZae9KFvTNa3s2,11.063339
4Un4PxvJdfv9uuoJLrXjYJC3RSKBi1otX9RfcavNkPCt,11.085687
ARzKETXMJaV3MTgyziUm745Qkr9jRyd57oCpzWWNnATw,11.152868
5VU6mwepBTpcXpy9kw5Di5dvVYLwmKKLqPvmK2wrybCj,11.582323
56aUKRrTBdzfmdMShiJYwnvjEyb8LovTwdgDLTLTqwAQ,11.858257
G61n1LbLwYZVeqsiAyHCB958D1YCrkAR4JWiMiXUbRSN,12.171337
9mVwPLzc2a7SeKhZ5wCpEVEj6cjv2rqstRjLPSzs59jS,12.195352
Foe99JnWfecru8BRApN7qBJq6cUakQDrJjBH8Z1vszPp,12.616460
65eRVWJMqhXGjYXhirFt44vc1taBuonhDtygNMJAeHDJ,12.635477
9U25LWBU67c9S6L9F4qmjpTkaHqjFgxyuTCqQ7Zqj62g,13.035905
6QyXjmR78n1WBqo5BDYv1mwqeUiWLpLyaYgvBYLA642i,13.447498
82Xk9CUsVZvjihWPK9oRCKzXzjtR9d1BbK83PvLu4mtm,13.451395
CtWSzoSht2Jyx4cT2q5dXkQaQ7fXGXw1CUkyArdo9ivA,14.375465
6SyeFffdt5dVGcxeLm8eu99ABUobUJTUqwk32sRpeaBr,14.561524
G7WWd2aTKkYAM1zUMHbJfEhQj1yHDhwraj9soZYt5H5i,15.235804
7WtEfFRj7UfCjU9tWPhAukU2ujS1L7PvGJf9DJvLXvxp,15.371409
Buj3SwLpHw6NS8XCZ4y1247mkZAirD4zfdRJVpTE6b5p,15.372046
2sfrSTxg1z2fuKyNKdzp6HjX4kcg7rkzdNTtxwRKXRaW,15.393631
4ee32xCb7hygrBxuiCuSaPqhoqYkSNWgVdostTczN3CT,16.066593
2Ej1fgkXSAQn5CTSrQVGR7bcW5ecKPGdZRz423hjUKtQ,16.439293
GcjujunCeZixGWYNWWK9mfuaugrwo5pBPVVz2xG5oUR1,16.756627
3KoadnjVwHCTpd9iSTHnEDV8dYRfK5v6D7WStWWXE9K1,17.405231
AxwRFGHeLT8FaDtMzWpdZDetzkvQDFEVRpbN3U8MyEgo,17.714045
EArf7mms4Sa9LXwgqHFnVuPJ2rEFrRF4LszegkpfMWXm,18.055262
AVpf5xCB6DLWWPoL8DPuyRodWrTM6pv5gY8kRFqosxit,18.658522
7pW17u7rcPt6T94WrnipvkHxMeFh2AF2wHfrtK3pYBhv,19.065828
Krw1qTDKuu7AKdCZBz4FRhBj6136yKD2YkrnUUuG9XU,20.079827
Emb1oP8jVaK77UhrL8MEiAVtdSKthLSdkFWBP7a21Cen,20.906034
WJnAkHRRmC84uqQAjiYxjYSMTEhB8DdCmTEDhrYNDRt,20.955514
44fyny46anX5G8Az2PohmYEUHTTM7LA9w4LvryiKYtz1,21.523443
2gFALKrWyxmFmSkTWgvgRGrr61M6BVGqjZBwNyH7bjc4,22.448632
FpoVVGweFcPTC41TTsjE8kwLLdT7zFT4NAuSQRsTvg4x,23.974456
HAHWzsvip7oXLB6gQJ14RNG3hK333vf9hmqkjtHfceDD,24.836612
2kANmbqf78L4mQSdm3ieo7F6G6uEcae9V4jmyD1T8PQw,25.694339
5zrQSV4G6oBAdEkPxEcFDeoqUUD5kzYfT87p5VvsbG3Q,27.336195
HYVpxqLpwXS8afYJbh6ju3Hv8Yiq2DZq7oMbBBVQ98RW,27.421196
G4vCLLfUzDgV4t2mV6hcnsL6skHQFGxVSqGK7ZDL3NAx,28.270409
E1RySqQJFKtB6RjEPaCVK39Tyficm7dKKvpxEvbt1Jzi,28.270454
2YRJQDP85GiHrwVWDuhPPxNjW5vEpotbiHJitkft5GF7,31.226781
6V9BNyVcENRQC3TsZwBZFrCHPcm8A5Bv93taJcCK4Jyw,32.213442
4tM4DT8bLGTf4ptGRKmmNiCj95HL7ejphUUZbkyqMUWn,34.123402
7GFL9vLnkUeSnPFbQwWzGXKtLctZ7rRHcFGg9bb5gu7y,34.466498
2EfK8QafjSYG2U1uBA8rmtzP9F6ybudfzGrFEzHDMZAG,38.825755
GZ7tMYR4NXH5135oUemVAiz6SkEqtb8pCNpxXwDFkS7E,39.024805
9X4SWct25dvVrreuqafJEimizEg2KccKxT7nwCT7nbHv,39.299816
AxE7HyE6rTJzG1dTcPcdj1jLqKspHF5wGzsUstt2eKYX,41.209004
98NKVooMw8y91rV7AKv3aMw1EG7Shw7RginSMAxWQXQ6,42.695960
266YQsvLM4ZBRRDKcuPSeEPzbsNPY1WpBaffzqsK5bcQ,43.767150
9fG89YNW4rwjNVekm5fdyrmPBtx9AeH3RZsmMr34ASm4,44.442884
Y3rGFWFUHrNT6g8gKdq7xpkYvAoZu5AuUYL7p1iKHVC,44.696715
Bj9yJ5RtyA35dpwJnuBPkMajixQs9QvaUkhqDzsqhVhF,46.027437
3NSHQGBb4EDJxC8TftiNoRwTMr1Lfv2giPtgaoZ3TvwD,46.387895
CNJoPaegvCUpYB3ZT6WzJ3LAzDytUB3JoujnskbNGCgx,50.559807
BARR1GuxUfgaYGg8r7sbBvYPcJ86CuWYgdWRFrTh5SHy,55.621672
Hzd8AHfLfMzXThppwPWMEQKdaq8ko7MpyMUDgEHE5ALj,60.816591
FcrU9H2CTVhf9YQnnVnSreJTJHUYpRQRHwjAbu9ij8ZN,62.482160
ChiwiamoEwTn4HZpcN7S87K1N8kBzAANw1wg6sKqfUKq,63.125622
8LXpW8fPk757j5zMGnkLYFaPP46MrmtnG5H8W3LcsbNh,65.289496
CEBABL6EiN2CvCPzisYYVfCWETnKaaFrf9xta4rLg6yj,66.010102
HYfzNhjQpiqg6GF9U7uzhHaBY9rEQicgsH6PqFTVRmfA,66.265591
6Rkms45L99yVnTbrkVfzdjScUTUdkAYf6RUVnMf9oeKh,71.686372
ubRzWsqsPrSLi2c3XQTuJ4oM244y7LEdJwJHtjRsHb9,76.332486
DoJBWqGKCJBG2WzMooAZ45hBAH1TbyCANnaQi9UbS14d,77.216700
5LnP43oRSeRkPrTZCYxf1ndz3RDswStx9pFRrVww1Xyo,78.550183
3FXQVRb1kEXeP7pmsrdUnfEXVdszj9dVZyfY3shx4gnt,79.407741
G8TVdX1QUHLsfyiv8SRgiPk9FNDxmeen1v29PGGTt4RJ,80.593918
7MpjSexx7WZFJigYYwnnjmKoBD3SNC1fD2q7hePxb9J5,81.536095
DNyVq1R5B7savGmtu2CerDso1CsoJycnvz9n2dGV2muR,94.516907
3TDU5TEfz3TJsXCvnUTRfU5VD2pgPJhaFUazH7SjVYya,96.370394
8sfCAuGuoKJAKugKZoJ4WXrXzEmYdDNgfGXn4qwLYL5x,101.860617
CSUdkZ3NUsXT9vocqAKq7MbpB3gsPKVcKEKKfkXr5NK1,110.303695
3res58wjqSqTyHH5RgCtqctoFuvBxty21f1S76VEWY9Y,110.709041
G5oVNVVYhku8k1YJgWMHLk3KD8bwvtJQ4hFKw2STgwzG,128.503072
GVFfeEKpUUAechZnQ3pqnd64mQ8Y5b95tVkFruv5a9mf,130.490104
GgSMKW4U42oGzyr27GmAiRvve2m1zdHX9xUK4KEvhwES,132.926053
9tVtaqWHY7NwsSxZjKafxAJwexznccMH3vZ8FQRa6KBk,134.058869
9DWREMQtcKKcZRzqBi4kWKp61TW9MhASCVE9biCX7tvD,147.904195
ENH8WT3Svnsm4xK7dkp3NnCrpFG9AQwPUzGkUF4WQcy2,167.183906
HbrHMJwRSYm5jepiiLSG3TrnPUxUf3pYBBTgb5eninLT,167.770538
8XtUtavjmmPyzHRqZUcBB1yLYT9GcJ2LAqey3e6fRDST,175.175675
4xdi3VDrPKjyp4jsiFNmPyeeTrSz9Bx9nY9YduLzUrFa,175.931074
3ipRmv64yFxopW5F1EHh65ViW2Q3dw6njf2Zih6HHDUm,178.711342
AR2z4VVDyBoHJPD5L4oaAzaWvD98mcxGvoA3EdhHHVhQ,181.168244
ApWLHcfU4U4jh9Zzm9CZi27EYgzvmJzLzVHgq1fDiJFj,185.156051
FRQ6aDHWgR7hxjNP4A7e4Zk9jW8sz6WUb2g6LssLJyyn,185.294638
B9kyfALQoVoXYNt3ANnnrDL4ARfHo16VgV9KofH3sA7w,237.421596
5Z98hsmhgBg3eBG6pg2seniW8PAjRKnmQBwXG9yn1Sfc,242.785128
HX3if4EP23XSgRkzjoS2m6q7ZSFVoM2t4k18164tCGyV,243.585176
E62Aq9dKX2YiujojCYG7J6aSMy8Kp7KUafoAMVAa5pRZ,261.387882
CS7E1f7LjgmwFUs85CMG45Q6qDy9NqmuGfJywfjjrf1U,270.290518
7ckvB1uchDPcA5vkjJvu4DHCkgGq81qbJrd4P2CwPDV8,276.772311
C1HUYGJRZ61tJxV1Pk1wNxmSgPJu3SBVBVPqdzjpQosZ,283.240281
4MYx95NmgHKmJDaVFRUn8uHBhx52A7XnXzWFp57F6wp8,354.846091
HK4yjJKyHqPkXZTGmR9eUT897R1fKqxd8d7XZKJvezUi,378.944563
9W6pCATbv3e9fhCJDJ8XZ6FhawcDDty81AEg4bSVYgj1,419.671024
BZAYY8oTxhmFRjHS52oLUzHypqegsUEU2Yzn9JM5CeGo,424.892018
6dNoPYDDNtucyDtrCxU7dckWdxTqHNr22p1MoHqp6Nj,425.947678
BFbCgHxJasyZ4XCYBft7oQqozwGybrgjzVtixdBdds6F,483.074936
tip1u6BdQYo9K9WHcEUJsjpp2QkyRKbrnMbyvfBoKPZ,586.896880
Hj3s9dnjdbX7KMegqbobCaYTPJnAckPs6mTKSK9ppMeT,610.470209
2jzzjyUT1D3FYXtKSbyhqTjpgBjUuTNYwhswSfyJyU1N,728.647268
3uz1tRLQp53mWgoa41hJfpSfDYFoHYcBr8YoTSNja8pC,1213.437988
4okh6qfHD4iVnWgQrBU8AGx4XNANxbAEyaLmBnrQX2BN,1223.532054
J97XsFfGVkyi1uwy1wBnpJT9mB2KRbF8PZqnd3RihTbr,1229.677684
6HFxHT4tFVB19weeMGYQrepa51rzxjydkhWAaomsf6g4,1328.376991
6KpYbBzX68QyTAyERdMgBy7Hg1SVMiNRSX4Sy6BUDjkb,1376.419263
D7PY6TzZRiNJwcZKaQStjjpU3KcfP6kVhrV69wrrgUXG,1413.664054
FtF3PVw8YNJseWPMcA2GEuQZ6nni1mq5kYPa2LrSzfkW,5776.771223
o3qkKZTNpJmNTzEz9nNLa2RPN47UYDABHxBBCJogZf8,9864.565009
3UAs7jLDP6XqpDqoN6Gxo5VyhGsaWKyPfDa6X1v8opCD,14757.235990
